Name,Position,Salary,Player Points,Value,Roster_Slot
Russell Westbrook,PG,8200,5.290699437260628,0.645207248446418,PG
Michael Porter Jr.,SF/PF,7600,5.157868418500584,0.6786668971711295,UTIL
Jalen Wilson,SF/PF,5000,4.39235457777977,0.878470915555954,SF
Nic Claxton,C,7400,3.925390813499689,0.5304582180404985,C
Noah Clowney,PF/C,5800,3.8178480863571167,0.6582496700615719,PF
Keon Johnson,PG/SG,7000,3.6186651308089495,0.5169521615441356,G
Peyton Watson,PF,3800,2.923385575413704,0.7693119935299221,F
Christian Braun,SG/SF,5200,2.364221379160881,0.4546579575309387,SG
