Name,Position,Salary,Player Points,Value,Roster_Slot
Isaiah Hartenstein,C,8600,5.866645668633282,0.68216810100387,C
Josh Hart,SF/PF,9000,5.351227968931198,0.5945808854367998,SF
Miles McBride,PG/SG,4800,5.002272188663483,1.0421400393048923,PG
Jalen Williams,PF,9600,4.857908945530653,0.5060321818261098,UTIL
OG Anunoby,SF/PF,7200,3.574084274470806,0.4964005936765009,F
Aaron Wiggins,SF/PF,2200,3.4499482274986804,1.5681582852266729,PF
Cason Wallace,PG/SG,3800,3.211671695113182,0.8451767618718901,G
Luguentz Dort,SG/SF,4400,2.7119965851306915,0.6163628602569753,SG
