Name,Position,Salary,Player Points,Value,Roster_Slot
Jordan Poole,PG/SG,8200,5.947618931531906,0.7253193818941349,PG
Corey Kispert,SG/SF,4500,5.298213690519333,1.1773808201154072,SG
Russell Westbrook,PG,6900,5.290699437260628,0.7667680343855983,G
Zach LaVine,SG/SF,8100,5.183983147144318,0.6399979194005331,SF
Michael Porter Jr.,SF/PF,6500,5.157868418500584,0.7935182182308591,F
Kyle Kuzma,PF,6400,4.879474997520447,0.7624179683625698,UTIL
Patrick Williams,PF,4300,4.79564294219017,1.115265800509342,PF
Noah Clowney,PF/C,5000,3.8178480863571167,0.7635696172714233,C
