Name,Position,Salary,Player Points,Value,Roster_Slot
Draymond Green,PF/C,5900,6.670448362827301,1.1305844682758137,C
Tyrese Haliburton,PG,8600,6.371025651693344,0.7408169362434122,G
Paul George,SG/SF,7500,6.327508985996246,0.8436678647994995,SF
Kelly Oubre Jr.,SG,5700,6.275981843471527,1.1010494462230749,SG
Malik Monk,PG/SG,7000,6.009500056505203,0.858500008072172,PG
Khris Middleton,SG/SF,6000,5.993876352906227,0.9989793921510379,UTIL
Corey Kispert,SG/SF,4500,5.298213690519333,1.1773808201154072,F
Taurean Prince,SF/PF,3600,4.87694776058197,1.3547077112727695,PF
