Name,Position,Salary,Player Points,Value,Roster_Slot
Paul George,SG/SF,8400,6.327508985996246,0.7532748792852674,SF
Kelly Oubre Jr.,SG,6800,6.275981843471527,0.9229385063928717,SG
CJ McCollum,PG/SG,8600,4.960817843675613,0.5768392841483272,G
Guerschon Yabusele,PF/C,6400,4.225921280682087,0.6603002001065761,PF
Caleb Martin,SF/PF,6200,3.052246615290642,0.49229784117591,F
Yves Missi,C,6600,2.8870214074850082,0.43742748598257697,C
Eric Gordon,SG/SF,3000,2.277459479868412,0.7591531599561373,UTIL
Jose Alvarado,PG,3800,2.067676067352295,0.5441252808821828,PG
