Name,Position,Salary,Player Points,Value,Roster_Slot
Malik Monk,PG/SG,7000,6.009500056505203,0.858500008072172,G
Isaiah Hartenstein,C,7200,5.866645668633282,0.8148118984212892,C
Jayson Tatum,SF/PF,10300,5.724790036678314,0.5558048579299334,PF
Josh Hart,SF/PF,7800,5.351227968931198,0.686054867811692,F
Jrue Holiday,PG,5400,5.234828919172287,0.9694127628096827,PG
Miles McBride,PG/SG,4300,5.002272188663483,1.1633191136426704,SG
Keon Ellis,SG,4000,4.712468748912215,1.1781171872280538,UTIL
Aaron Wiggins,SF/PF,3200,3.4499482274986804,1.0781088210933376,SF
